{
	"t_contract":20,
	"dopamine_absorption":0.3803455064207898,
	"vr":-60.0,
	"excitatory_std":0.5,
	"fluid_density":0.0001,
	"aminus":0.009513776265004074,
	"t_fire":20,
	"sim_duration":500.0,
	"sim_dt":0.01,
	"vt":-50.0,
	"reward_distance_std":0.5,
	"aplus":0.00012453905282258236,
	"dopamine_delay":0.4166510752248538,
	"reward_distance_mean":2.0,
	"excitatory_mean":0.1,
	"hidden_reward_chance":0.06390582157774372,
	"cell_adhesion":2500,
	"ninput":10,
	"dopamine_physical_attenuation":4.563733518181784,
	"cell_radius":25,
	"reward_signal":0.510625910812607,
	"sim_shape":"config/stingray.shape",
	"cell_mass":0.05,
	"t_train":80,
	"cell_stiffness":1000,
	"input_signal":1.0,
	"input_reward_chance":0.056796375556667604,
	"seed":101517,
	"t_reward":80,
	"nhidden":50
}
