{
	"t_contract":20,
	"dopamine_absorption":0.4017409643791914,
	"vr":-60.0,
	"excitatory_std":0.5,
	"fluid_density":0.0001,
	"aminus":0.00981208849083148,
	"t_fire":20,
	"sim_duration":500.0,
	"sim_dt":0.01,
	"vt":-50.0,
	"reward_distance_std":0.5,
	"aplus":0.008761129460928548,
	"dopamine_delay":0.4746920323481775,
	"reward_distance_mean":2.0,
	"excitatory_mean":0.1,
	"hidden_reward_chance":0.16952301130401937,
	"cell_adhesion":2500,
	"ninput":10,
	"dopamine_physical_attenuation":6.647179366926457,
	"cell_radius":30,
	"reward_signal":0.7511310923546208,
	"sim_shape":"config/worm.shape",
	"cell_mass":0.05,
	"t_train":80,
	"cell_stiffness":1000,
	"input_signal":1.0,
	"input_reward_chance":0.4227714611306649,
	"seed":61167,
	"t_reward":80,
	"nhidden":50
}
