{"t_contract":20,
"dopamine_absorption":0.2888373867580538,
"vr":-60.0,
"excitatory_std":0.5,
"fluid_density":0.0001,
"aminus":0.00782384801815279,
"t_fire":20,
"sim_duration":500.0,
"sim_dt":0.01,
"vt":-50.0,
"reward_distance_std":0.5,
"aplus":3.4872993772019354e-5,
"dopamine_delay":0.9337182286133836,
"reward_distance_mean":2.0,
"excitatory_mean":0.1,
"hidden_reward_chance":0.049385236010142324,
"cell_adhesion":2500,
"ninput":10,
"dopamine_physical_attenuation":4.926966654375743,
"cell_radius": 25.0,
"neural_radius": 85.96,
"reward_signal":0.09477147841608732,
"sim_shape": "config/quadpus.shape",
"neural_shape": "config/quadpus_neurons.shape",
"cell_mass":0.05,
"t_train":80,
"cell_stiffness":1000,
"input_signal":1.0,
"input_reward_chance":0.17030944458283104,
"seed":7425,
"t_reward":80,
"nhidden":50}
