{"inhibitory_ratio":0.27049623319380456,
"neural_shape":"config/stingray_neurons.shape",
"stimulus_signal":26.269251618048706,
"dopamine_absorption":0.1,
"vr":-65.0,
"aminus":1.5,
"fluid_density":0.0003933165832640096,
"t_fire":1,
"stimulus_groups":5.634602880028245,
"sim_duration":200.0,
"sim_dt":0.01,
"reward_distance_std":0.5,
"vt":30.0,
"aplus":1.0,
"reward_distance_mean":2.0,
"dopamine_delay":1.0,
"da_factor":1.0,
"cell_adhesion":3000,
"ninput":860.0536868606691,
"dopamine_physical_attenuation":1.0,
"stimulus_interval":90.45960646250325,
"neural_radius":14.0,
"connection_ratio":0.22316759974538247,
"cell_radius":7.5,
"reward_signal":0.0,
"sim_shape":"config/stingray.shape",
"cell_mass":0.05,
"t_train":10,
"cell_stiffness":1000,
"seed":43196,
"t_reward":100,
"nhidden":875.3134819420872}
